﻿{
"name":"Open English Bible",
"abbreviation":"OEB",
"code":"eng_oeb",
"language":"eng",
"direction":"ltr",
"errorSwitchToVersion":"",
"hasLemma":false,
"books":["Matt","Mark","Luke","John","Acts","Rom","1Cor","2Cor","Gal","Eph","Phil","Col","1Thess","2Thess","1Tim","2Tim","Titus","Phlm","Heb","Jas","1Pet","2Pet","1John","2John","3John","Jude","Rev"],
"bookNames":["Matthew","Mark","Luke","John","Acts","Romans","1 Corinthians","2 Corinthians","Galatians","Ephesians","Philippians","Colossians","1 Thessalonians","2 Thessalonians","1 Timothy","2 Timothy","Titus","Philemon","Hebrews","James","1 Peter","2 Peter","1 John","2 John","3 John","Jude","Revelation"]
}
